Rm0,Welcome to this room. Story coming soon.
Rm1,Welcome to this room. Story coming soon.
Rm2,Welcome to this room. Story coming soon.
Rm3,Welcome to this room. Story coming soon.
Rm4,Welcome to this room. Story coming soon.
Rm5,Welcome to this room. Story coming soon.
Rm6,Welcome to this room. Story coming soon.
Rm7,Welcome to this room. Story coming soon.
Rm8,Welcome to this room. Story coming soon.
Rm9,Welcome to this room. Story coming soon.
Rm10,Welcome to this room. Story coming soon.
Rm11,Welcome to this room. Story coming soon.
Rm12,Welcome to this room. Story coming soon.
Rm13,Welcome to this room. Story coming soon.
Rm14,Welcome to this room. Story coming soon.
Rm15,Welcome to this room. Story coming soon.
Rm16,Welcome to this room. Story coming soon.
Rm17,Welcome to this room. Story coming soon.
Rm18,Welcome to this room. Story coming soon.
Rm19,Welcome to this room. Story coming soon.
Rm20,Welcome to this room. Story coming soon.
Rm21,Welcome to this room. Story coming soon.
Rm22,Welcome to this room. Story coming soon.
Rm23,Welcome to this room. Story coming soon.
Rm24,Welcome to this room. Story coming soon.
Rm25,Welcome to this room. Story coming soon.
Rm26,Welcome to this room. Story coming soon.